y_true_log,y_pred_log,y_true_original,y_pred_original
13.079249174447126,12.980779752224196,478900.0000000001,433990.2936748063
13.790193775620484,14.729343116499297,974999.9999999999,2493861.113737096
12.762830066509972,12.511231616825162,348999.99999999994,271367.1369165802
13.592243248992402,13.506439295152495,799900.0000000002,734127.4521044203
15.26242977619469,15.142053344206388,4250000.000000002,3767993.0824661423
12.992256969959042,12.723604281601403,439000.0000000001,335575.18265078997
13.34550852871726,13.14794717675646,625000.0000000014,512955.93679317046
12.959846800844964,13.071438591809454,425000.00000000093,475174.0739326813
13.431319053559353,13.911012917928991,681000.0000000002,1100210.4184910003
14.626441218624947,14.087480105099852,2249999.999999997,1312546.02988574
13.03898394237596,12.461264310563996,460000.000000001,258140.79618949638
13.80343898887524,14.05405216233263,987999.9999999978,1269395.5173781065
13.664688831019712,13.789179332888848,859999.9999999997,974011.4188364787
12.154779351142624,12.359013717793507,189999.00000000012,233050.2622004982
13.017005083966255,13.117194975327234,449999.99999999994,497421.4655662837
13.742940940397675,13.71828483047711,929999.9999999977,907350.1689161123
15.022977550498084,14.970764586151384,3345000.000000001,3174828.8113612453
15.163583966004191,14.434861975139608,3849999.999999994,1857721.7639496324
13.214032390746006,13.00390686703988,548000.0,444144.22312227724
13.578380905520383,14.416519075016604,788887.9999999986,1823956.3652282336
13.652992804936396,13.387858955284004,850000.0000000005,652037.5437118723
13.76421831620775,13.777094501272904,950000.0000000008,962311.4810430496
15.843658936835498,15.65611179278787,7599999.999999995,6300324.097372158
13.741744527341885,13.60401427435085,928888.0000000017,809371.2889874468
13.091906231773164,12.952322672760713,484999.99999999965,421814.23810980225
14.912455123421449,14.94873678178348,2995000.0000000037,3105658.908802449
12.791080452981856,13.437274692503916,358999.9999999996,685067.897517429
13.81049902116535,13.94973372460918,995000.0,1143647.0152585318
12.154779351142624,12.46137562411166,189999.00000000012,258169.53246796964
13.70903942580019,13.680984807470086,898999.9999999995,874129.3692977626
13.68756468012579,13.445211076569995,879900.0000000007,690526.4995295192
13.527829818844936,13.712281482768562,749999.9999999984,901919.342236459
14.862829903121964,13.870446740051587,2849999.999999999,1056472.1906102514
13.592368256649284,13.664833658037,800000.0000000005,860124.560399333
12.560247968016562,13.027987976095586,284999.99999999994,454969.55251689476
12.896719202134523,12.940872886122042,398999.99999999977,417012.0878926231
13.814310838588696,13.923116228276188,998800.0000000003,1113607.529890062
13.100119813444692,13.159023588684475,488999.9999999996,518669.2421761788
13.303018546545276,13.434022463645334,599000.000000001,682843.5157387181
12.429220196836384,12.59116700329259,250000.00000000023,293949.5995005217
13.81451105863119,14.018767710910197,998999.9999999995,1225386.5397507243
12.560247968016562,12.435412439728207,284999.99999999994,251552.86982685543
15.123843647884687,14.713536455946397,3700000.000000002,2454751.393173419
14.55506458866523,14.581901012175036,2094999.9999999998,2151983.53128855
13.804337369725694,13.86588756239131,988888.0000000008,1051666.504952571
12.821260987319455,13.427781503841096,369999.9999999991,678595.1811952369
13.329379172803591,13.463066166289144,614999.9999999988,702966.6595778365
12.691583538230216,13.211615489080982,324999.9999999993,546677.1347322497
13.864301674514206,13.889556331225227,1050000.0000000007,1076855.0955831998
11.695255355062796,11.928910469371504,120000.00000000025,151585.3137424803
13.591117476312084,13.70932866772257,798999.9999999997,899260.0663866983
12.691583538230216,12.660831130236897,324999.9999999993,315157.5518044485
13.120363378739665,13.216598252041509,499000.0000000005,549407.9000214575
11.566561014136138,11.948436544763057,105508.99999999999,154574.28601599624
13.997832948091215,14.13767086899445,1200000.0000000005,1380105.0044394128
13.538439983884851,13.656744200075403,757999.9999999993,853194.6781229937
14.80690913338268,14.547962134529769,2695000.0000000014,2080173.0676158532
13.45883704259595,13.136226398643759,700000.0000000006,506978.77925095643
13.52649559761195,12.882636297700163,749000.0,393420.2885369762
14.22030944419592,14.665215487788064,1498999.9999999995,2338955.5937594315
13.215855541983634,13.445031845384698,549000.0000000005,690402.7465578251
13.586098651497313,13.679441923971346,794999.9999999998,872781.7278694242
12.959846800844964,12.881218220064344,425000.00000000093,392862.78199345374
14.827111833279051,14.35396635861067,2750000.0,1713358.0503982704
14.114133312293877,13.787378545491116,1348000.0,972259.0078807507
13.38318953651709,13.560295973767062,649000.0000000006,774749.230966232
12.989976472461,12.74268684782928,438000.00000000035,342040.3269670671
12.767908823716535,13.245569136523939,350776.9999999993,565557.5673354941
15.1764873675101,13.815781278489366,3900000.000000008,1000269.7571732004
13.527829818844936,13.686169911921883,749999.9999999984,878673.5975350145
13.102162710901052,12.928141204618889,489999.9999999991,411736.4651122076
14.389311544271775,14.292691454356605,1774999.9999999986,1611523.936735666
12.923914877701906,12.631030801413683,409999.9999999997,305904.28332855186
13.90626583447433,14.171846276083121,1095000.0000000005,1428085.9024438395
13.304519920584283,13.609815330601263,599899.9999999986,814080.1481364846
12.574185427296197,13.947212475161834,289000.0000000004,1140767.2251921557
12.31442916867216,12.816315188487478,222887.99999999968,368174.56731875957
13.887832149776026,13.954284160669214,1075000.0,1148862.9708630543
14.430696737594902,13.839320343494027,1849999.9999999995,1024094.5015794527
14.626441218624947,14.39005496825663,2249999.999999997,1776320.0689411971
14.151982794585487,13.914378501521183,1399999.0000000007,1103919.5101168547
13.910821646859096,14.145630154363381,1100000.0000000016,1391133.4931913302
12.84529412258351,12.662330880395247,379000.0000000002,315630.5655049483
12.149507585033072,12.443570814988309,188999.99999999988,253613.53510569496
14.556972075219996,14.632133330530351,2098999.9999999944,2262843.7769086673
13.863348840666829,13.686777585402927,1049000.0000000026,879207.7070520624
12.53897064502647,12.6360706682955,279000.0000000001,307449.89680648193
13.457407451830088,13.45893716521723,698999.9999999995,700070.0894437301
13.997832948091215,13.575997198868379,1200000.0000000005,787009.7595195249
13.527829818844936,13.336051930372314,749999.9999999984,619117.4747551654
12.230770136157428,12.603408640192198,205000.0,297570.15153386747
13.675099554994851,13.905270935619768,868999.9999999984,1093911.1265086662
13.864301674514206,14.146158862966756,1050000.0000000007,1391869.1924344534
12.502470376049184,13.44953926282275,268999.99999999953,693521.7083952322
13.6967281480998,13.45642888727554,888000.0000000001,698316.3169663555
13.753636218075409,13.696886317961068,940000.0000000006,888140.4661034361
12.425212191503038,12.357061308064681,249000.00000000006,232595.69454441714
12.409017571151187,12.739681027720348,244999.99999999997,341013.7558853027
13.567050480716237,13.31848811733729,780000.0000000015,608338.3321419688
13.863348840666829,13.372432612896857,1049000.0000000026,642056.1599487388
14.070153551531352,13.588626685181683,1289999.9999999984,797012.3318567405
13.772604100793789,13.523448143963979,957999.9999999998,746720.9286162232
13.21767537538882,13.116581605910135,550000.0000000007,497116.4553900469
13.4856180275228,13.380255874199195,718999.9999999999,647098.8402658679
14.946912992035967,14.133585961647682,3099999.9999999986,1374478.8981673012
11.51293546492023,12.322023143575064,100000.00000000004,224587.05660358016
15.424948670398354,15.466924581599619,4999999.999999999,5214346.827760057
13.664688831019712,13.611941927369886,859999.9999999997,815813.2125870022
14.45472992420301,13.7386515263823,1894999.9999999993,926019.3840345427
12.487488878546143,12.777354719613616,264999.99999999953,354106.110935372
13.933294482509153,14.136023126643396,1125000.0000000014,1377832.8178301
13.457407451830088,14.500778667931257,698999.9999999995,1984302.775844551
14.282384921160132,14.15712365521586,1594999.9999999977,1407214.736538749
13.591117476312084,13.826132839408126,798999.9999999997,1010677.8981640578
14.48334044336031,14.671964854390684,1949999.999999999,2354795.463692211
12.604852121186608,12.421343691624584,297999.9999999998,248038.60044775903
13.120363378739665,13.563885543188821,499000.0000000005,777535.2480141241
12.89897229545694,12.930947092283976,399900.0,412893.3765094989
12.75130259456002,12.72432346210752,344999.9999999997,335816.60930393497
12.128116509451258,12.703610638762981,185000.00000000006,328932.4201039031
13.235693848424024,13.390257197448266,560000.0000000003,653603.1666612125
12.765691290604371,13.311767445296166,349999.9999999997,604263.590838026
12.921472880009723,13.706875814509212,408999.99999999936,897057.0139770086
15.237413587806026,14.808937280724713,4144999.999999997,2700471.40564784
12.570719231334277,12.54237298880446,287999.9999999999,279950.87399924896
13.112315061750808,13.493233167819579,495000.0000000004,724496.194072506
14.430696737594902,13.44698737500364,1849999.9999999995,691754.1724792917
13.623139877437296,13.587478084880805,825000.0000000006,796097.4076456651
13.527829818844936,13.61951945372605,749999.9999999984,822018.5471357288
13.591117476312084,13.645827104313591,798999.9999999997,843930.9178868635
12.821260987319455,13.017500335099896,369999.9999999991,450222.9187012029
13.235693848424024,13.075238448640652,560000.0000000003,476983.1060381777
13.112315061750808,13.217936455747257,495000.0000000004,550143.6132046989
14.346073512777044,13.922280717171363,1699888.0000000012,1112677.486181938
14.580978865220017,13.601676520626857,2150000.0,807481.3858295493
14.316286451937186,13.873845497308817,1650000.0000000007,1060068.9954047173
13.68767832281738,13.767338701621812,880000.0,952968.9990653879
15.760706309040964,15.427535907314605,6994999.999999994,5012952.936100356
12.793862088206213,12.567970436009174,360000.0000000001,287209.43125120207
12.691583538230216,12.662330880395247,324999.9999999993,315630.5655049483
13.21767537538882,13.89657657519508,550000.0000000007,1084441.486093564
14.837961845378985,14.46881012548452,2779999.9999999977,1921870.724181269
14.48334044336031,14.771135855986115,1949999.999999999,2600295.034637347
13.287877815881902,13.649913046719046,589999.0000000001,847386.2293921969
13.623139877437296,13.653724579169781,825000.0000000006,850622.2364706931
12.345838935721968,12.349030726439901,230000.0000000001,230735.28787519256
13.592243248992402,13.623291042748994,799900.0000000002,825124.7209598202
13.118357364036902,12.739528738467335,497999.9999999996,340961.82695707184
12.94323910384853,13.056236977701198,418000.00000000023,468005.2725530968
13.573440270649083,13.652879567254693,784999.9999999992,849903.7533067947
14.282384921160132,14.99648787567265,1594999.9999999977,3257555.315141878
13.38318953651709,13.55816661282347,649000.0000000006,773101.2632650852
12.657151449598697,13.092477747963573,314000.0000000005,485277.2651470773
13.981025843899117,13.943160979881826,1180000.0000000014,1136154.758115822
12.676079399771028,13.154230392902011,320000.0000000006,516189.10280405486
14.45736497045232,14.752184576129373,1899999.9999999993,2551480.110405074
15.092269310955846,14.610278598622758,3584999.9999999967,2213926.3960981723
13.120363378739665,12.692700929090327,499000.0000000005,325363.3561145209
15.373655386537118,15.26453507415308,4750000.000000003,4258956.943637731
14.83037921564952,14.67621924024935,2758999.999999999,2364835.0173922065
13.70903942580019,13.847364562762538,898999.9999999995,1032365.7737069478
14.039317089458548,13.92751679884338,1250827.9999999993,1118518.8411703687
12.205517491460665,12.104720683176854,199887.99999999983,180721.98769405592
15.067702220438289,14.170635430560493,3498000.0000000023,1426357.7562822555
13.07107218827772,12.731169626606203,474999.99999999977,338123.55976942164
12.53897064502647,12.59864832847655,279000.0000000001,296156.98631704366
14.759416845976386,13.788483143294288,2570000.0000000014,973333.5575128914
13.120363378739665,13.742178739263972,499000.0000000005,929291.4222571359
15.009130253332833,14.04438200735464,3299000.0000000065,1257179.4173127124
13.304684934198283,13.138877204518492,599998.9999999999,508324.4670186993
13.782988399316032,13.765883380782315,968000.0000000006,951583.1306525244
13.014780393893403,13.21013309126512,448999.99999999994,545867.3406261442
12.891694078557842,12.778721054697115,396999.9999999998,354590.2705911996
13.081543466215235,13.706122973446206,479999.99999999924,896381.9260170416
13.81049902116535,13.182379074366006,995000.0,530925.6071418771
14.375126917328105,14.414451486121855,1749999.9999999998,1820189.0671892636
11.767575435251748,11.979260879585365,129000.0000000001,159413.16080796282
14.038654909278163,13.907070178660666,1249999.999999999,1095881.1119995343
14.45736497045232,13.394721544686275,1899999.9999999993,656527.605615782
13.42246945133505,13.370355708081966,674999.9999999998,640724.0521511966
12.896719202134523,13.397979747592629,398999.99999999977,658670.1976310102
14.253766134056512,13.545286359646694,1550000.0000000012,763207.3651227052
14.907434194052,15.106643789910734,2979999.9999999967,3636904.6790526966
13.81451105863119,13.867201513553452,998999.9999999995,1053049.2529256048
14.077875591662238,13.882900598668387,1299999.9999999993,1069711.6282832848
13.99365758016748,14.75537876053353,1194999.999999997,2559643.0415887646
13.244582780038517,13.033534730215576,565000.0000000003,457500.1741834293
13.790193775620484,13.526244829852416,974999.9999999999,748812.1982456383
12.468440756144114,13.568015935331477,259999.9999999998,780753.419202845
12.691583538230216,12.694306750511718,324999.9999999993,325886.2528943873
13.017005083966255,13.647251415683034,449999.99999999994,845133.7961457822
12.149507585033072,12.223538733470853,188999.99999999988,203522.90239847073
13.45869417545215,13.54139935634678,699900.0000000002,760246.5298051632
14.91410651316566,13.760794149910021,2999949.9999999986,946752.6015820568
13.591117476312084,13.63663708300261,798999.9999999997,836210.6944207278
12.994304980578146,12.682745439309354,439899.99999999994,322140.2649382447
13.815510557964274,14.012922767506321,999998.9999999995,1218245.1098910037
15.86320353036178,14.922451751019487,7750000.000000002,3025090.058627032
12.5421912482017,12.413441579482791,279899.99999999994,246086.28756615205
13.81049902116535,13.606646570911051,995000.0,811504.6034059644
12.608202196848836,12.926896580270997,299000.00000000006,411224.3254150703
13.451668563394817,13.496886583267285,695000.0000000013,727147.9242997536
12.0435537160324,12.730480719634354,169999.00000000032,337890.7036201648
14.169683073439028,14.177328750800934,1425000.0000000007,1435936.8544392313
13.120363378739665,12.759842156195838,499000.0000000005,347958.77263408876
13.457407451830088,13.693467080920282,698999.9999999995,885108.8857046354
13.38318953651709,13.639981376899945,649000.0000000006,839011.9135264334
12.983103608918752,12.788682679928085,434999.99999999924,358140.22825660714
12.818554633046093,12.447557174705457,369000.0000000001,254626.5516548134
13.015893357585442,13.185784628945807,449500.0000000002,532736.7889691739
14.506155109559108,13.827346029123303,1995000.0,1011904.7874829273
14.669926311652166,14.290257686844717,2349999.999999999,1607606.6285423387
13.383186454852993,13.473267879957026,648998.0000000014,710174.8397378462
15.35237799261728,14.914947165870881,4650000.000000001,3002472.977248924
13.981025843899117,14.448787295151305,1180000.0000000014,1883772.106649583
14.375126917328105,13.907714969078475,1749999.9999999998,1096587.9541424306
13.303018546545276,13.519356578671163,599000.000000001,743671.908974795
13.091906231773164,13.884887525791594,484999.99999999965,1071839.1822658712
14.04662307257814,13.710266770252193,1260000.0,900104.0612828457
13.398480330934175,13.39451381218712,658999.9999999997,656391.23745231
13.487007879880162,13.34876056218426,719999.9999999995,627035.8326727024
13.120363378739665,13.60056105116162,499000.0000000005,806581.1660616145
13.81049902116535,13.280570865773,995000.0,585703.6116413913
13.552847548877052,13.757075805697879,768999.9999999997,943238.7826499621
12.296831574998258,12.33253166224286,218999.99999999988,226959.58845360109
14.862127902637535,14.87063000497354,2847999.999999995,2872317.223233061
13.651815643149092,13.753171422816298,849000.0,939563.193512297
12.577639650232571,12.469173366471075,289999.99999999936,260190.54920825642
12.524530013005734,12.699916032563246,275000.0000000002,327719.382877956
12.301387370778713,12.328502105228353,219999.99999999983,226046.8779668515
13.39239204133378,13.514327399544658,654999.9999999995,739941.2336843978
12.896719202134523,13.048228408782562,398999.99999999977,464272.18038045097
13.565767608549107,13.988277277609859,778999.9999999987,1188587.798324053
14.0763359466619,13.80862885606013,1297999.9999999988,993140.9227826567
14.337276715240233,13.422700159555177,1684999.9999999988,675155.7462445719
14.129591834730508,13.899497386965033,1368999.9999999988,1087613.5687438287
13.451668563394817,13.310762693044374,695000.0000000013,603656.7595383121
14.50865773852422,14.928436360224856,1999999.0000000028,3043248.327298831
12.042971193457888,12.660775186610552,169900.00000000003,315139.92118535197
12.19602736016897,12.694884083780071,198000.00000000006,326074.45276901237
12.73080413304066,12.621914661564015,337999.99999999977,303128.28042504226
13.955273369904273,13.885173634344282,1150000.0000000005,1072145.8887827187
13.79326597151132,13.626408702824557,978000.0000000001,827701.1966782158
13.38318953651709,13.451723353140126,649000.0000000006,695038.0799709676
13.81451105863119,13.086331380158887,998999.9999999995,482303.71407234744
13.68767832281738,14.286919246646773,880000.0,1602248.6751923938
13.244582780038517,13.498666608678644,565000.0000000003,728443.4205288893
13.457407451830088,13.388482288309959,698999.9999999995,652444.1075695389
12.765691290604371,13.304534698481243,349999.9999999997,599908.8653406678
12.425212191503038,12.56243215333617,249000.00000000006,285623.17531771713
14.204169225721929,14.929719438568105,1474999.999999999,3047155.5607110457
14.711598990684092,14.54083800450134,2449999.9999999995,2065406.2997187357
12.983103608918752,13.138394953334222,434999.99999999924,508079.38556039665
13.71015115341694,13.320077240159838,899999.9999999979,609305.8265886799
14.389311544271775,13.874879960616765,1774999.9999999986,1061166.166312501
13.988529815553855,13.552886356696565,1188888.0000000007,769029.843831096
13.673948145715556,13.918013661990374,868000.0,1107939.740981444
13.901689171636098,13.913081586375217,1090000.0000000002,1102488.7468771436
13.564483088506746,13.744744286679357,777999.9999999998,931678.6269632378
13.014780393893403,12.896704186402992,448999.99999999994,398994.0087530847
13.815511557963774,13.783889637590324,999999.9999999997,968872.7927888108
14.403297778421797,14.327511755797481,1800000.000000004,1668626.1088754307
13.21767537538882,13.416515003168355,550000.0000000007,670992.6840506791
13.611679317682436,13.58204900228425,815598.9999999987,791787.0349077047
14.402742068796885,14.913746166598582,1798999.9999999998,2998869.172703645
11.951186847493476,12.584090868954934,155000.00000000012,291876.90754178166
13.384729180332174,13.541779695350431,649999.9999999995,760535.7365880014
13.442998001373551,13.573634424135335,688999.9999999993,785152.4254773504
13.23551526136861,13.79892128147964,559899.9999999999,983546.5678016515
14.580978865220017,15.106260894888987,2150000.0,3635512.3925404195
14.22097566607244,13.875748020358055,1499999.000000001,1062087.7227335016
12.611541086966117,12.697035306445386,300000.0000000003,326776.66871423344
15.598901945589024,15.164665543507398,5949999.999999991,3854166.3271656344
13.351888125506433,13.551652040218645,628999.9999999997,768081.2019711074
14.508158113732536,14.268394706588962,1998999.9999999981,1572840.9600545655
13.361381852676738,13.389306415158803,634999.9999999997,652982.0267264482
12.608202196848836,12.601037892861365,299000.00000000006,296865.52110102255
13.592367006650065,13.715971613662308,799999.0000000003,905253.6946698326
12.75130259456002,12.754997017703033,344999.9999999997,346276.9369991796
15.173919972664004,15.288315689841594,3889999.9999999977,4361451.446764479
13.527829818844936,12.341038062236139,749999.9999999984,228898.44063671905
13.804450621726684,14.01413305438529,988999.9999999998,1219720.429773221
12.660331092405906,13.222970752146018,315000.0000000002,552920.1874344215
13.235693848424024,13.329567991135804,560000.0000000003,615116.1344269371
12.657151449598697,12.56631062496238,314000.0000000005,286733.1116143083
13.560619598657231,13.698719763386864,774999.9999999993,889770.3186782311
13.591117476312084,13.416222969301874,798999.9999999997,670796.7597803948
13.399996629152977,13.503745423408297,660000.0000000007,732152.4655852382
13.81541155306345,13.81572388907826,999899.9999999997,1000212.3538706863
12.945361247339928,12.964220986713542,418887.99999999994,426863.1051818685
13.3374763699232,12.951814524176259,620000.0000000005,421599.94774393935
12.07254696717504,12.463781078171499,175000.00000000012,258791.29733703446
13.493928313146206,13.55721698657795,725000.0000000006,772367.4535430487
12.278397958261774,12.686140973121065,215000.0,323235.9656872064
14.430696737594902,14.234511272629197,1849999.9999999995,1520440.441395973
13.161586013632684,13.599930776242315,520000.0,806072.9577242958
13.251637470576169,13.773942770340302,569000.0000000005,959283.305533603
13.19189130572284,12.972038734471656,536000.0000000002,430213.2995074106
13.539758373899955,13.446231139301638,758999.9999999998,691231.2402757405
14.506155109559108,14.208288858923828,1995000.0,1481088.996697361
13.304686600863562,12.86011596877182,600000.0000000003,384659.3317934199
12.524530013005734,12.834854031255793,275000.0000000002,375063.7779579843
13.513054553109397,13.606429178949881,739000.0000000005,811328.207785529
14.375126917328105,14.12902558097531,1749999.9999999998,1368225.0174819657
12.921472880009723,12.852067749211372,408999.99999999936,381575.92559564154
12.409017571151187,12.141155344564018,244999.99999999997,187427.99223114457
12.982873697962251,13.118449062342885,434899.99999999884,498045.6679418819
13.54763241999736,13.845265980504765,764999.999999999,1030201.5388188838
12.83468397161566,12.687341008370806,375000.0000000007,323624.09427746735
13.591117476312084,13.487693974040091,798999.9999999997,720494.1579813112
15.238619133170708,15.33182627051539,4150000.000000003,4555409.796800453
13.527829818844936,13.195992910827561,749999.9999999984,538202.9792247297
13.99365758016748,13.434779426093462,1194999.999999997,683360.5990766864
13.180634172318978,13.53328126543444,530000.0000000003,754099.7550382529
12.791080452981856,12.756715160831101,358999.9999999996,346872.4034588536
12.660331092405906,12.71061785587214,315000.0000000002,331245.4223833654
13.997832114758229,14.20366359257312,1199998.9999999998,1474254.3791210756
12.896719202134523,12.700603742467862,398999.99999999977,327944.8369458179
13.399845102751485,13.828806115873233,659900.000000001,1013383.3368579132
13.3374763699232,13.351563422097808,620000.0000000005,628795.7943861949
13.704580114574805,13.694433064897035,895000.0000000007,885964.300763995
13.51170045859524,13.865893263492032,737999.9999999984,1051672.500632034
14.058457520888082,13.745525244415267,1275000.0000000002,932406.513562646
13.457407451830088,13.023660173034868,698999.9999999995,453004.7841990005
14.018452218287162,13.503972681640528,1225000.0000000007,732318.8723954913
14.11561589115508,13.918763516300883,1350000.0000000026,1108770.846687013
12.721888795877376,12.618501226069284,335000.0000000004,302095.33213388117
12.83468397161566,12.840966749726254,375000.0000000007,377363.4648624279
13.296318365198625,13.243402777117698,595000.0000000007,564333.6903707036
12.754196944209095,13.20021113599485,346000.0,540478.0397804519
13.592367006650065,13.480589754274131,799999.0000000003,715393.7407326787
12.969214528909768,12.881339359745455,429000.00000000006,392910.376269444
12.506180941677355,13.093452971710205,269999.9999999996,485750.75087470975
14.22030944419592,14.07055477435233,1498999.9999999995,1290517.6816861911
14.603967918328545,13.727258181896985,2199999.000000001,915528.7897563179
12.992256969959042,12.605354569530983,439000.0000000001,298149.76773119514
14.603513724288955,14.497250502689926,2199000.0000000014,1977314.1599796575
13.51440681653079,13.668349331819988,739999.9999999999,863153.8030765273
14.148405690083225,14.046021159450042,1395000.0000000007,1259241.8170597076
13.997832948091215,14.042062611821303,1200000.0000000005,1254266.8976164663
14.751604309291396,14.138845088084969,2550000.000000004,1381726.503067779
15.056779436051206,15.15591611673857,3460000.0000000005,3820591.6660859836
11.652696102959752,11.880237968305249,114999.99999999971,144383.9056265923
13.444448325847754,13.44311474807984,689999.9999999995,689080.443293032
13.564483088506746,13.421072067471961,777999.9999999998,674057.4232192014
13.76421831620775,13.839879291325417,950000.0000000008,1024667.0775443367
13.457407451830088,13.267165063234467,698999.9999999995,577904.1669857353
14.380256592224368,13.498911815101009,1759000.0000000042,728622.0616802227
15.009433329466964,14.708154262790055,3299999.9999999925,2441574.932578352
14.343193888767017,14.209966190416823,1695000.0000000028,1483575.3602377807
12.660331092405906,13.078401975875089,315000.0000000002,478494.4475726285
14.096923772119156,14.217039427207988,1325000.0000000007,1494106.2469536166
12.502470376049184,12.671852354318693,268999.99999999953,318650.1960793177
12.206072645530174,12.303177872775047,199999.00000000006,220394.26509058007
13.710150042306449,13.877608107394453,899999.0000000007,1064065.138710933
14.978661680269909,15.204531501635444,3200000.000000008,4010920.212232552
13.99365758016748,13.735356305918913,1194999.999999997,922972.9647837082
13.38318953651709,13.614955995499407,649000.0000000006,818275.8416062581
12.429220196836384,12.524902237112235,250000.00000000023,275102.38105467823
12.319405795112926,12.50734389549221,224000.0,270314.1813467524
15.400655982747342,15.114800476843238,4880000.0,3666691.0941667426
13.399996629152977,13.468526049049908,660000.0000000007,706815.2775244238
12.345838935721968,13.244183190235052,230000.0000000001,564774.2764628684
12.250094315624496,12.58028408275857,208999.99999999988,290767.9029632612
13.451668563394817,13.61762960974718,695000.0000000013,820466.525445405
13.976779556623864,13.570861454103357,1175000.0,782978.2344344776
12.608202196848836,12.807683704358451,299000.00000000006,365010.34138094296
13.120138905099342,12.644535208798738,498887.99999999994,310063.37270729325
13.81049902116535,13.45700509606666,995000.0,698718.8094921113
14.148405690083225,13.466853919151713,1395000.0000000007,705634.3764793684
12.502470376049184,12.237515655222635,268999.99999999953,206387.512639151
12.611541086966117,12.912322492946528,300000.0000000003,405274.5531751204
13.639967177343744,13.96996883668346,838999.9999999979,1167024.5872395374
14.022728771570812,13.570116081012692,1230249.999999999,782394.8402327611
13.996164892381724,13.918801352984374,1198000.0000000002,1108812.799730117
15.35237799261728,15.007003567533832,4650000.000000001,3291991.5164850936
13.71015115341694,13.825554102720998,899999.9999999979,1010093.150430588
14.148405690083225,15.327152066949829,1395000.0000000007,4534166.56568192
14.038654909278163,13.761056081532738,1249999.999999999,947000.6187695864
12.896719202134523,12.984955516749903,398999.99999999977,435806.32815072004
13.12216535779974,13.186789589035216,499899.99999999994,533272.4382932228
12.464587201678082,12.387354864461335,259000.0,239749.6884948157
15.29711532616119,15.185044487716288,4399999.999999997,3933515.972950872
13.567050480716237,13.573976641976367,780000.0000000015,785421.1649685977
13.471612215950506,13.847229929588227,709000.0000000002,1032226.7922471185
14.430696737594902,13.886184531510697,1849999.9999999995,1073230.2670396783
13.710150042306449,13.877608107394453,899999.0000000007,1064065.138710933
15.520258832020865,15.179042047438129,5500000.000000001,3909975.991581126
15.761349418764354,15.293520659162557,6999499.999999996,4384211.855173641
12.425212191503038,12.59753799997821,249000.00000000006,295828.33615341026
13.538439983884851,13.668798028060255,757999.9999999993,863541.1842931852
13.751506294085877,13.775364857984513,938000.000000002,960648.4623480408
14.24077829336862,14.135160202524705,1529999.0000000037,1376644.3646433535
13.70903942580019,14.03621415753432,898999.9999999995,1246952.7781482264
13.21767537538882,13.307002685646612,550000.0000000007,601391.2637063414
13.910821646859096,13.711160351189275,1100000.0000000016,900908.7374750875
13.815510557964274,13.73959716887125,999998.9999999995,926895.4824279643
14.343193888767017,14.398378503710404,1695000.0000000028,1791167.0442806496
15.149195232316444,14.895525655472833,3795000.0000000005,2944723.008725847
14.345550989235416,15.332855636533553,1699000.0000000035,4560101.39614566
14.914122846632385,13.38845228849284,2999999.0000000023,652424.5346292251
15.687312888712007,14.713983169998516,6499999.999999999,2455848.210525545
14.731801689838347,15.039231996810319,2499999.9999999953,3399815.429517143
15.175204494026362,14.71197845485166,3894999.999999999,2450929.864003885
12.896719202134523,12.970824824283808,398999.99999999977,429691.37483521027
13.88223512546044,13.841558349322636,1069000.0000000002,1026388.9998736191
13.217657193438404,13.350894809265528,549989.9999999999,628375.5132988928
13.7736473966179,13.401172401465752,959000.0000000006,660776.4672871222
13.279368835614244,13.398991026585287,585000.0000000014,659336.6348964506
12.593037677653752,12.660831130236897,294500.0000000001,315157.5518044485
12.745459486736772,12.722764323248096,342990.0000000003,335293.4309794019
14.151983508870948,14.394086664953866,1400000.0000000033,1783496.1128239948
14.220976332738882,13.568789057230626,1499999.9999999986,781357.2709376104
13.215855541983634,13.392709600020602,549000.0000000005,655208.0342872259
14.45736497045232,14.37478626196071,1899999.9999999993,1749403.9542952508
13.197472705176985,12.668236608290986,539000.000000001,317500.11473686947
11.918397239722838,13.628546389539842,150000.00000000006,829472.4571937922
12.20557752297723,12.894184942096267,199899.99999999997,397990.10791555204
13.664688831019712,13.914339005614753,859999.9999999997,1103875.9106366874
15.46416937585933,15.429622791310914,5199999.999999999,5023425.312961003
12.733758336210744,12.929077653732442,339000.00000000023,412122.21688669204
12.013706813470414,12.236419151437152,165000.00000000015,206161.33088100087
13.526494262499355,13.590696689478786,748998.999999999,798663.8616256692
12.53897064502647,12.737087895286942,279000.0000000001,340130.6050200063
12.868763195921677,13.075900715567412,387999.9999999999,477299.1014613062
14.626441218624947,14.074191479093138,2249999.999999997,1295219.461404281
14.375126917328105,14.249815523445736,1749999.9999999998,1543888.6293740184
13.623139877437296,13.181775578354227,825000.0000000006,530605.2917161823
14.45736497045232,14.374512601533855,1899999.9999999993,1748925.276889236
14.213615983257592,14.17651941250906,1488999.9999999984,1434775.1651121231
12.660331092405906,13.41743953858605,315000.0000000002,671613.328336237
12.672949516558306,12.844812022219186,319000.0,378817.3275165942
13.76421831620775,13.750298144183322,950000.0000000008,936867.4384730649
13.976779556623864,13.479043056589305,1175000.0,714288.0966124677
13.707926460869462,14.285513969933747,897999.9999999995,1599998.6523580183
14.038654909278163,13.830723126331364,1249999.999999999,1015327.8684780006
13.012550743537489,11.932453029449652,448000.0000000002,152123.2696739413
14.096923772119156,13.885880559939231,1325000.0000000007,1072904.0848224622
13.120363378739665,13.412618847502225,499000.0000000005,668383.4744506668
13.652992804936396,14.493163235192172,850000.0000000005,1969248.837786192
14.375126917328105,14.274555261849414,1749999.9999999998,1582560.447846424
8.665785595466064,12.96469041431167,5799.999999999996,427063.534013223
14.731801689838347,13.668176131110425,2499999.9999999953,863004.3169980929
13.122365377402328,13.16134432256967,499999.99999999977,519874.3355921356
13.296318365198625,12.977524615033717,595000.0000000007,432579.8892497475
15.747032114495012,15.123571598123798,6899999.999999987,3698993.552520767
13.081335111611615,13.405038031366818,479899.99999999895,663335.7318204265
13.091906231773164,13.249784691933806,484999.99999999965,567946.7431269379
14.493544608328255,14.125426342987511,1969999.9999999993,1363309.2981525538
14.23750562376114,15.249166044315386,1525000.0000000005,4194001.3229372255
14.888805380528378,14.53052687716119,2925000.0000000023,2044219.0420157588
12.762830066509972,12.622318381114113,348999.99999999994,303250.6843485229
13.428377879293798,12.877577033577486,678999.9999999995,391434.8928821592
12.791080452981856,13.149769329139719,358999.9999999996,513891.47458541533
13.76421831620775,13.76669044360376,950000.0000000008,952351.4288165913
13.68767832281738,13.483906990718575,880000.0,717770.8147172389
14.038654909278163,14.12236414456682,1249999.999999999,1359140.9569118521
14.80876270134486,14.217150875947627,2700000.0,1494272.7726025407
13.122363377404328,13.175038003736239,499998.9999999997,527042.3086435593
12.0435537160324,12.468753486222043,169999.00000000032,260081.32284837918
12.873617362210569,12.788574124234716,389888.00000000006,358101.3520974019
13.76316513133229,14.20416088866671,949000.0000000002,1474987.7028864755
13.955273369904273,13.882197975457178,1150000.0000000005,1068960.2873470301
12.672949516558306,12.780002600283272,319000.0,355044.9867764414
13.304686600863562,12.96506518522338,600000.0000000003,427223.61537303927
12.5421912482017,12.340932653073239,279899.99999999994,228874.3138099098
13.384729180332174,13.404719226728897,649999.9999999995,663124.2906998148
13.422467969854669,13.406546262062642,674999.0000000013,664336.9514863482
14.946912992035967,13.945374888263833,3099999.9999999986,1138672.8892993187
14.144014704936309,14.162303467508677,1388888.0000000026,1414522.760666329
13.34550852871726,13.84205446007522,625000.0000000014,1026898.3293203621
13.301347705172171,13.510383261501568,597999.9999999987,737028.5471655533
13.68198030819624,12.793839876683279,874999.9999999984,359992.00391833537
13.955273369904273,13.452998732086211,1150000.0000000005,695925.0836929722
15.573196219302089,15.401658848347953,5799000.000000007,4884896.439959071
13.3374763699232,13.491648956059665,620000.0000000005,723349.3457627777
14.070153551531352,14.28033483381398,1289999.9999999984,1591733.458124947
13.74186509422166,13.559642346701931,928999.9999999995,774242.9987081322
13.058360179622303,12.849659450446547,468999.999999999,380658.08002384007
11.775297421715829,12.913579387089444,130000.00000000032,405784.2619020275
13.742820503167373,13.48686658540245,929887.9999999993,719898.2750215101
12.388398368982116,12.41878384227633,240000.00000000047,247404.46842571325
11.502885230075814,11.517999614933034,99000.00000000004,100507.70452633986
14.038654909278163,14.059166837433182,1249999.999999999,1275904.7001257713
13.081335111611615,13.405038031366818,479899.99999999895,663335.7318204265
14.037854589747909,13.46166957856896,1249000.0000000023,701985.5888119376
13.698977865303196,13.690946252260376,889999.9999999987,882880.4852255272
13.910821646859096,14.362537695234527,1100000.0000000016,1728106.946154632
14.187074804051692,14.025260409954015,1450000.0000000002,1233368.4964396288
14.731801689838347,14.954674826472933,2499999.9999999953,3124155.3180343043
13.100119813444692,13.368580868460894,488999.9999999996,639587.8765054527
14.331324320256051,13.955673000865188,1675000.0000000007,1150459.6678473183
12.611541086966117,13.070404189469828,300000.0000000003,474682.8058527036
13.698977865303196,13.960497963783078,889999.9999999987,1156024.0109878855
14.11561589115508,13.938544287090531,1350000.0000000026,1130921.5653341904
14.648420115681892,14.131887534588142,2300000.0,1372146.4256433821
13.329216558220937,13.48610388845676,614900.0000000013,719349.4193751164
13.120363378739665,13.583397981040633,499000.0000000005,792855.860896047
12.788291058675023,12.732530076267219,357999.9999999991,338583.8742584897
12.896719202134523,12.884021381995368,398999.99999999977,393965.5877406317
14.63968643952702,14.397499071463395,2280000.000000004,1789592.525785344
12.84529412258351,13.266017626551378,379000.0000000002,577241.4376904543
13.367661298303677,13.563800433037777,639000.0000000016,777469.0746026677
13.26212705890841,13.335253458005482,575000.0000000001,618623.3230707652
12.818251064761226,12.723086797894563,368888.0,335401.57236798515
15.671808704579888,15.32132620678714,6400000.000000001,4507827.936570895
15.26242977619469,15.279023545019854,4250000.000000002,4321111.909662255
13.41354083387756,13.536354450208357,669000.0000000006,756420.8106863144
12.250094315624496,12.707361595234444,208999.99999999988,330168.5519337347
12.896719202134523,12.612242827976395,398999.99999999977,300210.5968884192
13.883170141017091,13.741562417455627,1069999.9999999998,928718.8555317736
12.429220196836384,13.965180649811257,250000.00000000023,1161450.0073588653
12.765691290604371,12.979340718691535,349999.9999999997,433366.2147932404
13.519797657900346,13.606172295911419,743999.9999999993,811119.817840507
13.663525365110068,14.331457283949753,858999.9999999997,1675222.72912703
12.672949516558306,12.780002600283272,319000.0,355044.9867764414
13.591117476312084,13.350660972855897,798999.9999999997,628228.5931694338
14.144095341678629,13.879271163144915,1389000.0000000033,1065836.21231066
12.948012371209098,12.856174241594568,420000.0,383146.0900619042
12.818554633046093,12.806584262798149,369000.0000000001,364609.2532691186
14.506155109559108,14.518467084974459,1995000.0,2019714.2315805086
13.060490101343552,13.118221392621898,469999.9999999998,497932.29070272506
13.560475072271236,13.357323731070888,774887.9999999994,632428.3103660868
14.068428810542256,13.812365468814582,1287777.0000000028,996858.851462275
14.508658238524095,14.77487041946153,2000000.0000000016,2610024.1609458053
13.591117476312084,13.623499062485253,798999.9999999997,825296.3812484201
12.691275799522568,12.87415048490213,324899.99999999977,390095.9140900252
14.22030944419592,13.830234366235292,1498999.9999999995,1014831.737497088
14.55506458866523,14.290418201923902,2094999.9999999998,1607864.69451932
12.367345048436391,12.499448585075712,235000.0,268188.36212395196
13.527829818844936,13.620194787731148,749999.9999999984,822573.8723826694
13.887832149776026,14.259444197990254,1075000.0,1558826.038467803
13.296150284129366,12.865225796277313,594899.9999999998,386629.91010702064
14.452087916136216,14.430942910374567,1890000.000000004,1850455.4759491426
13.52649559761195,13.486899760744135,749000.0,719922.1583221047
14.389311544271775,14.898370785386971,1774999.9999999986,2953113.060826438
13.774689605110144,13.558942934605689,960000.0000000006,773701.6724171377
13.42246945133505,13.346800897502375,674999.9999999998,625808.2539516585
13.42246945133505,13.366086575152526,674999.9999999998,637994.5421983058
12.07254696717504,12.630927878436296,175000.00000000012,305872.80026618636
14.690979711984754,14.539505012602778,2400000.000000001,2062654.9626833638
13.286183160425152,13.52744792774212,589000.0,749713.6359744128
14.28426403109039,14.035446265415551,1598000.0000000002,1245995.6197137607
13.910821646859096,13.378182122401334,1100000.0000000016,645758.3062565351
14.343193888767017,14.50258357651827,1695000.0000000028,1987887.4968425075
14.121524323477532,13.909946310357942,1357999.9999999993,1099037.5502685388
13.38318953651709,13.516231362424772,649000.0000000006,741351.3982552644
13.567050480716237,13.373768012409412,780000.0000000015,642914.1355097383
12.25486757159303,13.422940412963897,210000.0,675317.9744414354
14.204169225721929,14.929719438568105,1474999.999999999,3047155.5607110457
12.672949516558306,12.435412439728207,319000.0,251552.86982685543
13.112315061750808,12.969122520604675,495000.0000000004,428960.53016091086
14.446782866720884,13.581598608219378,1880000.0000000002,791430.498573097
13.99365758016748,13.532728234199713,1194999.999999997,753682.8290637551
13.38318953651709,13.329761001394257,649000.0000000006,615234.869802236
15.226497775576943,15.104104476189928,4099999.9999999907,3627681.1502334387
13.384729180332174,13.33715728174399,649999.9999999995,619802.1965698481
13.91036699848086,13.67774023320914,1099500.0000000012,871297.7845284265
15.47373882504398,15.197446449602296,5250000.00000001,3982603.0594486627
13.34550852871726,13.09416483832716,625000.0000000014,486096.6644378361
13.591117476312084,13.407119841532054,798999.9999999997,664718.1113983722
12.560247968016562,12.615172599292075,284999.99999999994,301091.43791494134
13.551546314212295,13.53847134997823,768000.0000000005,758023.7759030237
13.70903942580019,14.177378852482672,898999.9999999995,1436008.799142871
13.76421831620775,13.389190684136123,950000.0000000008,652906.4607057234
13.99699926803766,14.147803039064033,1198999.9999999998,1394159.5544986834
12.502470376049184,12.942594868189884,268999.99999999953,417730.79557530646
13.652992804936396,14.129321153270594,850000.0000000005,1368629.486958462
13.353476685668044,13.343028064985624,630000.0000000006,623451.6288204305
12.703816069256568,12.37803869838051,329000.0000000003,237526.50312421762
13.493928313146206,13.344725237544772,725000.0000000006,624510.6339169918
13.976779556623864,13.98313846400968,1175000.0,1182495.5289672657
12.54254845357358,12.53201404799936,280000.0,277065.8378663
13.26212705890841,13.364940224808842,575000.0000000001,637263.5948301677
13.34550852871726,14.017089081270317,625000.0000000014,1223331.2933874961
13.890618958094434,13.505575964076225,1077999.9999999998,733493.9297068808
13.130333531178522,13.179810457608495,504000.00000000023,529563.6101347797
11.141876276228,13.218830014388029,68999.99999999997,550635.4193736047
15.18922639004183,12.323829818313024,3950000.0000000005,224993.1809287044
12.506162423055956,12.700391199111742,269994.99999999994,327875.14164390677
14.285514812209817,14.176339784041312,1600000.000000004,1434517.4616141575
13.335862167174314,13.581849271756878,619000.0000000003,791628.9064579905
13.190023895035274,13.511233768803073,534999.9999999995,737655.6628222627
14.038654909278163,13.725865478368247,1249999.999999999,914254.615666786
13.457407451830088,13.637032778984596,698999.9999999995,836541.6455019881
13.47302165746721,13.331510011807783,710000.0,616311.8653089257
12.89921982609012,12.781911370395308,399999.0000000002,355723.3351439856
15.501909696719672,15.422649761178691,5400000.000000005,4988518.653945485
13.673948145715556,13.981618920454052,868000.0,1180700.0384955916
13.785051350479566,14.192571613917442,969999.0000000008,1457992.325825927
14.148405690083225,14.623514333855312,1395000.0000000007,2243424.1344362446
14.173185701536545,14.201124216748129,1429999.9999999995,1470515.439946538
12.06105265381003,12.264244895617416,172999.9999999999,211978.50948651493
13.07107218827772,13.251885792698266,474999.99999999977,569141.3130806517
12.421188057397057,12.45387436326259,248000.00000000064,256240.1733204064
13.493928313146206,13.456968362122536,725000.0000000006,698693.1432290863
12.206072645530174,12.327473972399678,199999.00000000006,225814.59015448624
13.005831808336865,13.325112236555821,445000.0000000005,612381.4205694117
13.429849547739444,13.481297288889497,680000.0000000003,715900.0863828117
12.354496960983983,12.608643555014456,231999.99999999956,299131.995659417
13.762110836088922,13.945527777815972,947999.9999999993,1138846.9939493374
13.910821646859096,13.95829043909978,1100000.0000000016,1153474.871920524
14.624216524592692,14.881704320615365,2245000.0000000014,2904302.9650666015
13.384729180332174,13.4264817474388,649999.9999999995,677713.7444147927
12.672949516558306,12.827269310673648,319000.0,372229.77755374846
13.091906231773164,12.956172104874168,484999.99999999965,423441.1165033527
14.50865773852422,13.6836929515435,1999999.0000000028,876499.848627776
13.81049902116535,13.997038451397652,995000.0,1199046.9818082592
12.896719202134523,12.767891679243576,398999.99999999977,350770.98614761577
13.70903942580019,13.541013372619332,898999.9999999995,759953.1432546858
14.626441218624947,13.887251663810146,2249999.999999997,1074376.1580894475
13.303018546545276,13.112678166454268,599000.000000001,495179.76982697763
13.303018546545276,13.276138941151945,599000.000000001,583113.556656099
13.120363378739665,13.452162737483313,499000.0000000005,695343.5363620734
13.444448325847754,13.50561315248265,689999.9999999995,733521.2077216476
12.574185427296197,12.569585542187802,289000.0000000004,287673.68139900436
13.981025843899117,13.80512450336663,1180000.0000000014,989666.6942270577
14.058457520888082,13.581666193778927,1275000.0000000002,791483.989721367
12.608202196848836,13.10396273377351,299000.00000000006,490882.8073058341
12.278397958261774,12.918901458085687,215000.0,407949.6369037618
12.873904582205109,13.062226416779216,390000.00000000105,470816.77887876343
13.623139877437296,13.482082854072553,825000.0000000006,716462.694304451
14.506155109559108,14.56704092439521,1995000.0,2120241.2826671656
14.077874822431763,14.322495658112848,1299998.9999999974,1660277.0696023726
12.948012371209098,12.675496298110499,420000.0,319813.46127633465
13.112315061750808,13.386985707259527,495000.0000000004,651468.4008792868
13.763047105524546,13.471047142060637,948888.0000000007,708599.4752207148
13.303018546545276,13.337872468294044,599000.000000001,620245.6300296381
13.794287942962583,14.060045837279743,978999.9999999979,1277026.7140932183
13.060490101343552,13.487766808070692,469999.9999999998,720546.6364587813
12.971542813248435,13.138912813148552,429999.9999999995,508342.56811448047
13.120363378739665,13.226548382777185,499000.0000000005,554901.8779758889
14.615267923020578,14.278249473892075,2224999.999999999,1588417.5774836107
13.38318953651709,13.606426150950686,649000.0000000006,811325.7510850601
14.626441218624947,15.123345753896631,2249999.999999997,3698158.250282403
13.813509557297108,13.540968141728191,998000.0000000008,759918.7706289182
13.680836798801778,13.514341411635407,874000.0000000001,739951.6018947646
11.918397239722838,12.099263863450894,150000.00000000006,179738.50072584665
13.726680437153236,14.329464463022825,915000.0000000002,1671887.632451296
14.912455123421449,14.67315193233179,2995000.0000000037,2357592.4504222297
13.578522867254332,13.52897271282276,789000.0000000007,750857.6616410664
13.52649559761195,13.395107780957956,749000.0,656781.2297529341
13.215855541983634,12.667601659386653,549000.0000000005,317298.5817402914
15.200554387495371,14.7155967069059,3994999.9999999977,2459814.012489204
13.457407451830088,13.52096744333583,698999.9999999995,744870.8307770604
13.565767608549107,13.750496666667825,778999.9999999987,937053.4463858885
13.560619598657231,13.748563849217215,774999.9999999993,935244.0403887808
13.26212705890841,13.891596763842303,575000.0000000001,1079054.5910825948
13.526346053920212,13.240921976131919,748888.0000000005,562935.4234426307
14.029008539980795,13.84176369401986,1238000.0000000005,1026599.7852584674
13.539758373899955,13.44648137720535,758999.9999999998,691404.2344264694
13.592368256649284,14.190496571465484,800000.0000000005,1454970.0645248552
13.52649559761195,13.686535846470575,749000.0,878995.193765307
13.910821646859096,14.050983228379229,1100000.0000000016,1265505.7950090186
14.070153551531352,13.929759003983088,1289999.9999999984,1121029.605879973
13.499430382731967,13.387967501803903,729000.0000000003,652108.3240680431
14.227620871042545,13.852825760240169,1510000.0000000019,1038019.1555941066
12.959846800844964,12.927922494832433,425000.00000000093,411646.4239459382
13.910821646859096,13.47779698843726,1100000.0000000016,713398.5980208524
15.1764873675101,14.55331117023957,3900000.000000008,2091329.8052786773
12.627742412734824,12.612453452814554,304899.99999999965,300273.83556701173
13.304686600863562,13.889760776854622,600000.0000000003,1077075.2766121863
13.695088292603094,14.205135178590847,886545.0000000006,1476425.469805093
14.07402202531625,13.331762234036388,1295000.0000000007,616467.332718676
12.386312871189734,12.511222565442074,239499.99999999983,271364.68067073124
13.303018546545276,13.326512308339627,599000.000000001,613239.4003938702
14.240778946963175,14.502533227437254,1529999.9999999988,1987787.4110031682
11.51293546492023,12.551159517718334,100000.00000000004,282421.5175299564
12.733758336210744,12.56923561217995,339000.00000000023,287573.033006457
13.955273369904273,13.069523975337399,1150000.0000000005,474265.16629144346
13.81049902116535,13.887426537388453,995000.0,1074564.054696132
11.002116507732016,13.235715838192613,59999.99999999991,560012.3144277952
14.978661680269909,14.926022778257583,3200000.000000008,3035912.052512193
13.591117476312084,13.783651581924667,798999.9999999997,968642.1743442342
13.651815643149092,13.430251023667818,849000.0,680273.0588423791
13.81451105863119,13.471033240399839,998999.9999999995,708589.624565737
13.215855541983634,14.249101093531412,549000.0000000005,1542786.0223529958
14.646243837206535,14.832443342019861,2295000.0000000005,2764700.808290177
13.296150284129366,13.343691827977624,594899.9999999998,623865.5909738864
12.59473402514672,12.471611919758724,294999.9999999998,260825.81441522343
12.966880811009805,13.871041696571234,428000.000000001,1057100.9332415545
14.15055391708322,13.85050561230728,1398000.0000000019,1035613.5869924331
14.038654909278163,13.70625943112279,1249999.999999999,896504.2526944728
12.994532278619134,13.69611446826343,440000.0000000002,887455.2188693186
14.05058347065728,13.764238917521979,1265000.000000001,950019.5714707186
13.34550852871726,13.686118782953203,625000.0000000014,878628.6729575205
13.159661088928445,13.123200635037096,519000.00000000093,500417.80411538936
12.34099244886632,12.6927397006337,228888.00000000006,325375.97123731836
12.250094315624496,12.48840182977104,208999.99999999988,265242.0434576727
12.19602736016897,12.39751992762583,198000.00000000006,242199.1980045634
14.360738188157574,13.847274125237707,1725000.0000000005,1032272.413232925
12.144202560946876,12.466530547025013,188000.00000000012,259503.8177756058
13.442998001373551,13.446465093678706,688999.9999999993,691392.9760025762
14.375126917328105,13.21492613897731,1749999.9999999998,548489.9938574579
13.552847548877052,13.431603949672207,768999.9999999997,681194.0421773683
13.235693848424024,13.263263208160872,560000.0000000003,575653.6582126459
13.651674290569584,13.425067394602685,848879.9999999998,676755.8941727293
14.626441218624947,15.003490871970472,2249999.999999997,3280448.035215153
12.660331092405906,14.689931482550904,315000.0000000002,2397485.5663924236
15.519349327803464,14.968017275940218,5495000.000000004,3166118.539389894
13.450228680410094,13.663337853728716,694000.0,858838.9426364233
15.607270193858982,15.095650728711423,6000000.0,3597142.904581588
13.197472705176985,12.46298981374636,539000.000000001,258586.60519213762
14.038654909278163,14.174261140959253,1249999.999999999,1431538.7066945296
13.909912143303451,13.776581059345773,1098999.9999999993,961817.5162902396
13.451668563394817,13.42722176302508,695000.0000000013,678215.4495006084
12.20557752297723,12.310815130264729,199899.99999999997,222083.92444855592
13.70903942580019,14.10105455378398,898999.9999999995,1330484.609900863
14.11561589115508,13.742049179518043,1350000.0000000026,929171.0311661025
13.663525365110068,14.649266599810682,858999.9999999997,2301947.738591301
13.303018546545276,13.294816511490028,599000.000000001,594107.0662373127
14.506155109559108,14.426087224145776,1995000.0,1841492.0193996243
14.648420115681892,14.778094978062818,2300000.0,2618453.9238561266
13.81049902116535,13.284834572077045,995000.0,588206.215478959
13.707926460869462,13.770739329521177,897999.9999999995,956215.2118840676
15.760706309040964,15.114655628161694,6994999.999999994,3666160.017115111
12.574185427296197,12.57324362581784,289000.0000000004,288727.9465612283
14.018452218287162,14.215805185308433,1225000.0000000007,1492263.2947453707
13.81451105863119,13.568778975133498,998999.9999999995,781349.3932473424
13.112315061750808,13.320668456653724,495000.0000000004,609666.165343008
12.762830066509972,12.58717988801192,348999.99999999994,292779.91795062576
12.948012371209098,13.200382333258572,420000.0,540570.576233929
13.197472705176985,13.37065722100182,539000.000000001,640917.2681595923
13.215855541983634,13.072305199619008,549000.0000000005,475586.04284461227
13.686541314323094,13.565017709000589,878999.9999999993,778416.0464824085
14.07710606547538,13.992663750270601,1298999.999999999,1193812.9622339115
13.989464705423494,13.488389990304242,1190000.0000000002,720995.8088878512
12.721888795877376,12.618501226069284,335000.0000000004,302095.33213388117
13.651815643149092,13.61617697632648,849000.0,819275.5521305916
14.07710606547538,13.7909384142187,1298999.999999999,975726.2937575228
12.278397958261774,13.416161635413642,215000.0,670755.6184072637
13.81451105863119,14.193995532690023,998999.9999999995,1460069.8686679688
12.703816069256568,12.465562855567654,329000.0000000003,259252.81864474528
13.244582780038517,13.340189343010943,565000.0000000003,621684.3297649489
11.775297421715829,11.91623093957991,130000.00000000032,149675.40452481282
12.524530013005734,13.121319188206042,275000.0000000002,499477.17788877606
12.506180941677355,12.681207892990015,269999.9999999996,321645.33840576845
11.767575435251748,11.753411795916646,129000.0000000001,127185.75484847068
13.707926460869462,14.17338387289377,897999.9999999995,1430283.4133202783
12.149507585033072,12.451584585528652,188999.99999999988,255654.10922154627
14.11561589115508,13.77204445465341,1350000.0000000026,957464.0084346652
13.57964770824215,13.521932467086005,789887.9999999995,745589.9967349005
13.15192412139156,13.235662764866962,514999.9999999992,559982.5934474925
14.151268968443643,13.7269486100696,1398999.9999999967,915245.4113915198
13.217673557208654,13.02599107753901,549999.0000000001,454061.92899494286
12.921472880009723,13.058276295123987,408999.99999999936,468960.65973644634
13.76421831620775,13.008127745547116,950000.0000000008,446022.8681256721
14.058457520888082,13.676910909379824,1275000.0000000002,870575.4952312248
14.037854589747909,13.782498466508029,1249000.0000000023,967525.8607096017
12.384223015005311,12.310497378902278,238999.99999999962,222013.36787155058
14.21294416641796,14.54247125871954,1488000.000000002,2068782.3911606148
13.091906231773164,13.457871425723228,484999.99999999965,699324.3934645085
11.80932691294063,12.08014271735612,134500.00000000006,176334.32506199062
13.592368256649284,13.59972426928633,800000.0000000005,805906.5150313658
12.19602736016897,13.051665846557583,198000.00000000006,465870.836615145
13.652992804936396,13.540975903926311,850000.0000000005,759924.6692996263
15.109963989466232,14.395784588695253,3649000.0000000023,1786526.927232285
13.303018546545276,13.10942968795388,599000.000000001,493573.7956409648
14.456838516387228,13.52296879447838,1898999.999999999,746363.0736195126
13.251637470576169,13.423474062737556,569000.0000000005,675678.4544357731
13.623139877437296,14.027548925850246,825000.0000000006,1236194.3143694773
13.87283656887016,13.906275692366078,1058999.9999999984,1095010.7944545269
12.384223015005311,12.509522542821376,238999.99999999962,270903.74478683627
14.038654909278163,13.469709889199427,1249999.999999999,707652.5305011527
14.217637433703022,13.97963139187507,1495000.000000001,1178355.6919379735
14.506155109559108,14.095464824346198,1995000.0,1323068.3022076187
13.335862167174314,13.255287664583786,619000.0000000003,571080.759317804
12.506180941677355,12.672011829293936,269999.9999999996,318701.01702315034
12.971542813248435,12.923947568455551,429999.9999999995,410013.4034607685
12.896719202134523,13.941005788649289,398999.99999999977,1133708.761928676
13.651815643149092,13.59414410609826,849000.0,801421.9435401661
14.130322027731047,14.609387199236254,1369999.9999999984,2211953.7818996888
14.50765773869101,14.154409418158393,1997999.999999999,1403400.398289608
12.429220196836384,13.965180649811257,250000.00000000023,1161450.0073588653
13.790193775620484,14.364750778674065,974999.9999999999,1731935.6282658307
13.03898394237596,12.978645417276345,460000.000000001,433064.99868562573
13.8924725250259,13.675299642772593,1080000.0000000002,869173.8938753833
13.68198030819624,14.051362943809979,874999.9999999984,1265986.4187111454
13.887832149776026,14.45294912091441,1075000.0,1891628.378975227
14.284889617206764,14.59300010353092,1598999.999999998,2176001.64726435
13.586098651497313,13.333530975815105,794999.9999999998,617558.6708771931
15.607103513329664,15.427989755813986,5998999.99999999,5015228.574080103
11.775297421715829,11.753411795916646,130000.00000000032,127185.75484847068
14.077875591662238,13.7835443446988,1299999.9999999993,968538.3053067755
12.206077645517674,12.845003057671226,199999.99999999997,378889.7021598738
13.34550852871726,13.686118782953203,625000.0000000014,878628.6729575205
13.21767537538882,13.334941949635676,550000.0000000007,618430.6464281143
13.38318953651709,13.606426150950686,649000.0000000006,811325.7510850601
12.149507585033072,12.134768306510768,188999.99999999988,186234.69101227907
14.151983508870948,13.840686032967536,1400000.0000000033,1025494.0534849542
13.864301674514206,13.759017355197786,1050000.0000000007,945071.9083545583
13.22672519452875,13.633204652995339,555000.0000000002,833345.3766229248
13.997832948091215,13.548219958537505,1200000.0000000005,765449.5996363721
15.423948170264971,14.507996021147623,4995000.000000001,1998676.0030201268
13.70903942580019,13.143128568664654,898999.9999999995,510490.14396253234
13.804450621726684,13.393688999310681,988999.9999999998,655850.0598986539
13.176853456626,12.89101014130808,528000.0000000008,396728.5690593529
14.148405690083225,14.623514333855312,1395000.0000000007,2243424.1344362446
13.954403427152531,13.772253012996437,1148999.999999998,957663.7165750067
13.70903942580019,13.798655439045197,898999.9999999995,983285.1338734925
13.451668563394817,13.334855108976368,695000.0000000013,618376.9437480238
12.818554633046093,12.817292958417198,369000.0000000001,368534.734368903
12.73080413304066,12.577579837504501,337999.99999999977,289982.65476778435
12.460718739865236,12.522166446891527,258000.00000000015,274350.78448915214
13.279368835614244,13.101800377703015,585000.0000000014,489822.4885317188
13.507627138738266,13.216360793170612,735000.0000000005,549277.4534928532
12.762830066509972,12.897815314005106,348999.99999999994,399437.5895121912
13.790193775620484,13.829802463368193,974999.9999999999,1014393.5229680047
12.608202196848836,12.846476622539521,299000.00000000006,379448.4337500191
12.81584093453868,13.243855464570302,368000.00000000023,564589.2154362357
12.367345048436391,12.388793773133346,235000.0,240094.91615558392
12.449022745701502,12.499398718130424,255000.0000000001,268174.9886731535
13.120363378739665,13.21112437679542,499000.0000000005,546408.7203002417
13.217657193438404,13.47523983639453,549989.9999999999,711576.6572640644
13.652992804936396,13.629265008845802,850000.0000000005,830068.7470609575
12.487488878546143,12.515130625667402,264999.99999999953,272427.2690712082
14.301018989130402,14.282701791556367,1625000.0000000012,1595505.4886818326
14.034646891093471,14.171254696351085,1244999.999999997,1427241.3250188413
12.07254696717504,12.120923252061838,175000.00000000012,183674.0149829874
13.840204146163924,13.789669757611886,1024999.9999999977,974489.2157593577
12.08954444723597,12.223179024160927,177999.99999999994,203449.70612146595
13.68198030819624,13.203405423567919,874999.9999999984,542207.2455807008
13.41354083387756,13.436116809865883,669000.0000000006,684275.1271912073
12.323860125621126,12.450422432154095,225000.00000000015,255357.1713507365
13.614618838078025,13.356774785680887,818000.0000000003,632081.2364826795
12.983103608918752,13.120429290304628,434999.99999999924,499032.89102076617
12.524530013005734,12.509026749186276,275000.0000000002,270769.4652288783
13.52649559761195,13.381838243397471,749000.0,648123.6016829407
13.12216535779974,13.290428119838735,499899.99999999994,591505.599661487
13.527829818844936,13.7157869860684,749999.9999999984,905086.575101598
13.99365758016748,13.93985206086709,1194999.999999997,1132401.5237229103
13.42246945133505,13.476293261068202,674999.9999999998,712326.6456842575
13.686541314323094,13.656450763723097,878999.9999999993,852944.3562239703
12.70654788843366,13.436625492671622,329899.99999999953,684623.2952375289
14.731801689838347,15.16852521887266,2499999.9999999953,3869070.906768345
13.527829818844936,13.40140835543424,749999.9999999984,660932.3987484162
14.339055546554926,13.954116035904581,1688000.0000000005,1148669.834614306
14.151268968443643,13.756686975113464,1398999.9999999967,942872.0934686355
13.538439983884851,13.503014925318125,757999.9999999993,731617.8241779533
14.59253968227493,14.872858972536594,2174999.999999999,2878726.6679519364
14.220976332738882,14.464589536296273,1499999.9999999986,1913776.3866134225
13.70903942580019,13.54821073855052,898999.9999999995,765442.5422243401
14.07402202531625,13.620825548065017,1295000.0000000007,823092.8836524595
14.077875591662238,13.981230330401337,1299999.9999999993,1180241.3189495003
13.45883704259595,13.56957634643814,700000.0000000006,781972.668087502
12.703816069256568,12.553712475910528,329000.0000000003,283143.4515513254
13.38318953651709,13.29899223269126,649000.0000000006,596593.082728893
13.120363378739665,13.379342510406836,499000.0000000005,646508.0725357251
13.058360179622303,13.362179232117041,468999.999999999,635506.5386668926
12.429220196836384,13.310954092241465,250000.00000000023,603772.310206605
13.769467666582738,13.91027091334139,955000.0000000001,1099394.3593683976
15.424748650435696,14.40804020616505,4999000.000000001,1808556.6482863761
14.845130332288226,15.470337327152865,2800000.000000002,5232172.470011972
12.367345048436391,14.091831861794192,235000.0,1318270.3616253217
13.592367006650065,13.447168191615706,799999.0000000003,691879.2646149853
12.765691290604371,12.895906544465712,349999.9999999997,398675.88049442484
14.207553321415745,13.536941497633162,1479999.999999999,756864.9965286651
12.367345048436391,11.939009881416343,235000.0,153124.00323632977
13.887832149776026,14.066904269245253,1075000.0,1285815.225041068
13.351888125506433,13.534636271428154,628999.9999999997,755122.2586740252
14.978661680269909,14.520927429136293,3200000.000000008,2024689.544139948
14.978661680269909,14.661752514254827,3200000.000000008,2330869.857405816
13.304686600863562,13.11206190731866,600000.0000000003,494874.70416320016
13.54763241999736,13.46159219186519,764999.999999999,701931.2664856784
13.064736383209516,13.164184847325647,471999.9999999998,521353.1536682539
12.506180941677355,12.577023577399629,269999.9999999996,289821.3932853947
14.116535467533607,13.814266693298007,1351241.9999999993,998755.9086127359
12.896719202134523,12.959693875344849,398999.99999999977,424935.011478854
12.703816069256568,12.845770560445656,329000.0000000003,379180.61344831734
